"Immune_Related_Gene","P_Value","Adjusted_P_Value"
"FBXO38",0.0545133611023856,0.411137019357665
"IDO1",0.0806576295055939,0.415209243712758
"JAK2",0.0806576295055939,0.415209243712758
"PBK",0.317834501777735,0.552669311306079
"ELF1",0.790743681160934,0.817710995554912
